f,memory,mobility_rate,prediction,error,mean,variance,fail rate,r^2
0.1,3.0,0.0,,,,,100.0,
0.2,3.0,0.0,,,,,100.0,
0.3,3.0,0.0,,,59.0,,98.0,
0.4,3.0,0.0,,,21.045454545454547,25.207188160676534,12.0,
0.5,3.0,0.0,,,10.12,15.536326530612245,0.0,
0.6,3.0,0.0,,,5.4,5.755102040816326,0.0,
0.7,3.0,0.0,,,3.5714285714285716,4.291666666666667,2.0,
0.8,3.0,0.0,,,2.4,1.510204081632653,0.0,
0.9,3.0,0.0,,,1.68,1.3648979591836734,0.0,
0.1,3.0,0.05,,,899.5,544.5,96.0,
0.2,3.0,0.05,,,252.16,4755.97387755102,0.0,
0.3,3.0,0.05,,,55.22,271.31795918367345,0.0,
0.4,3.0,0.05,,,18.44,45.59836734693877,0.0,
0.5,3.0,0.05,,,9.56,17.394285714285715,0.0,
0.6,3.0,0.05,,,5.78,6.78734693877551,0.0,
0.7,3.0,0.05,,,3.74,3.992244897959184,0.0,
0.8,3.0,0.05,,,2.24,1.9412244897959183,0.0,
0.9,3.0,0.05,,,1.92,1.2179591836734693,0.0,
0.1,3.0,0.1,1121.027431,392.2774305,728.75,18005.25,60.0,0.7475297842
0.2,3.0,0.1,280.2568576,130.1368576,150.12,1971.45,0.0,
0.3,3.0,0.1,124.5586034,84.99860339,39.56,143.31,0.0,
0.4,3.0,0.1,70.06421441,53.24421441,16.82,37.21,0.0,
0.5,3.0,0.1,44.84109722,35.78109722,9.06,7.36,0.0,
0.6,3.0,0.1,31.13965085,26.27965085,4.86,5.18,0.0,
0.7,3.0,0.1,22.87811083,19.87811083,3.0,2.61,0.0,
0.8,3.0,0.1,17.5160536,15.0160536,2.5,2.13,0.0,
0.9,3.0,0.1,13.83984482,12.11984482,1.72,1.19,0.0,
0.1,3.0,0.2,792.686098,164.086098,628.6,22915.66,16.0,
0.2,3.0,0.2,198.1715245,77.45152451,120.72,1809.8,0.0,
0.3,3.0,0.2,88.07623311,54.19623311,33.88,61.58,0.0,
0.4,3.0,0.2,49.54288113,35.20288113,14.34,12.56,0.0,
0.5,3.0,0.2,31.70744392,23.36744392,8.34,9.0,0.0,
0.6,3.0,0.2,22.01905828,17.03905828,4.98,3.69,0.0,
0.7,3.0,0.2,16.17726731,12.51726731,3.66,4.19,0.0,
0.8,3.0,0.2,12.38572028,10.02572028,2.36,1.99,0.0,
0.9,3.0,0.2,9.786248124,7.786248124,2.0,1.31,0.0,
0.1,3.0,0.3,647.2254888,86.91548879,560.31,31778.9,22.0,
0.2,3.0,0.3,161.8063722,59.7263722,102.08,490.85,0.0,
0.3,3.0,0.3,71.9139432,39.8339432,32.08,53.01,0.0,
0.4,3.0,0.3,40.45159305,26.55159305,13.9,13.6,0.0,
0.5,3.0,0.3,25.88901955,17.80901955,8.08,5.46,0.0,
0.6,3.0,0.3,17.9784858,13.1984858,4.78,5.44,0.0,
0.7,3.0,0.3,13.20868344,9.868683445,3.34,2.6,0.0,
0.8,3.0,0.3,10.11289826,7.972898262,2.14,1.1,0.0,
0.9,3.0,0.3,7.990438133,6.110438133,1.88,1.33,0.0,
0.1,3.0,0.4,560.5137153,-17.80628474,578.32,44934.15,44.0,
0.2,3.0,0.4,140.1284288,43.76842882,96.36,416.56,0.0,
0.3,3.0,0.4,62.2793017,32.9393017,29.34,45.13,0.0,
0.4,3.0,0.4,35.0321072,21.7721072,13.26,14.89,0.0,
0.5,3.0,0.4,22.42054861,14.62054861,7.8,8.98,0.0,
0.6,3.0,0.4,15.56982542,10.20982542,5.36,4.03,0.0,
0.7,3.0,0.4,11.43905541,8.199055414,3.24,2.47,0.0,
0.8,3.0,0.4,8.758026801,6.758026801,2.0,1.14,0.0,
0.9,3.0,0.4,6.919922411,5.119922411,1.8,0.78,0.0,
0.1,3.0,0.5,501.3387079,-110.9412921,612.28,51923.06,42.0,
0.2,3.0,0.5,125.334677,20.63467697,104.7,604.13,0.0,
0.3,3.0,0.5,55.70430087,26.56430087,29.14,31.02,0.0,
0.4,3.0,0.5,31.33366924,18.51366924,12.82,15.25,0.0,
0.5,3.0,0.5,20.05354831,12.87354831,7.18,5.42,0.0,
0.6,3.0,0.5,13.92607522,8.746075218,5.18,5.21,0.0,
0.7,3.0,0.5,10.2314022,7.331402201,2.9,1.56,0.0,
0.8,3.0,0.5,7.83341731,5.57341731,2.26,1.26,0.0,
0.9,3.0,0.5,6.189366764,4.589366764,1.6,0.73,0.0,
0.1,3.0,0.6,457.6575321,-126.7824679,584.44,60104.0,68.0,
0.2,3.0,0.6,114.414383,15.23438302,99.18,502.93,0.0,
0.3,3.0,0.6,50.8508369,21.0108369,29.84,70.55,0.0,
0.4,3.0,0.6,28.60359575,16.70359575,11.9,7.52,0.0,
0.5,3.0,0.6,18.30630128,11.68630128,6.62,4.73,0.0,
0.6,3.0,0.6,12.71270922,8.112709224,4.6,3.51,0.0,
0.7,3.0,0.6,9.339949634,6.179949634,3.16,2.38,0.0,
0.8,3.0,0.6,7.150898939,5.170898939,1.98,0.88,0.0,
0.9,3.0,0.6,5.650092989,4.250092989,1.4,0.57,0.0,
0.1,3.0,0.7,423.708542,-286.961458,710.67,75497.47,88.0,
0.2,3.0,0.7,105.9271355,9.827135502,96.1,592.46,0.0,
0.3,3.0,0.7,47.07872689,17.87872689,29.2,37.92,0.0,
0.4,3.0,0.7,26.48178388,13.98178388,12.5,10.3,0.0,
0.5,3.0,0.7,16.94834168,10.14834168,6.8,3.96,0.0,
0.6,3.0,0.7,11.76968172,7.409681722,4.36,4.97,0.0,
0.7,3.0,0.7,8.647113102,5.647113102,3.0,1.67,0.0,
0.8,3.0,0.7,6.620445969,4.400445969,2.22,0.95,0.0,
0.9,3.0,0.7,5.230969654,3.490969654,1.74,0.77,0.0,
0.1,3.0,0.8,396.343049,-170.516951,566.86,54069.14,86.0,
0.2,3.0,0.8,99.08576225,-6.814237747,105.9,850.42,0.0,
0.3,3.0,0.8,44.03811656,14.11811656,29.92,61.34,0.0,
0.4,3.0,0.8,24.77144056,12.61144056,12.16,15.48,0.0,
0.5,3.0,0.8,15.85372196,8.79372196,7.06,6.79,0.0,
0.6,3.0,0.8,11.00952914,6.969529139,4.04,2.94,0.0,
0.7,3.0,0.8,8.088633653,5.148633653,2.94,1.77,0.0,
0.8,3.0,0.8,6.192860141,4.092860141,2.1,1.15,0.0,
0.9,3.0,0.8,4.893124062,3.253124062,1.64,0.77,0.0,
0.1,3.0,0.9,373.6758102,-192.4941898,566.17,69034.97,88.0,
0.2,3.0,0.9,93.41895254,-21.02104746,114.44,899.52,0.0,
0.3,3.0,0.9,41.51953446,14.27953446,27.24,28.19,0.0,
0.4,3.0,0.9,23.35473814,11.57473814,11.78,10.34,0.0,
0.5,3.0,0.9,14.94703241,8.867032407,6.08,3.79,0.0,
0.6,3.0,0.9,10.37988362,6.379883616,4.0,2.69,0.0,
0.7,3.0,0.9,7.626036942,4.906036942,2.72,1.02,0.0,
0.8,3.0,0.9,5.838684534,3.538684534,2.3,1.32,0.0,
0.9,3.0,0.9,4.613281607,3.013281607,1.6,0.45,0.0,
0.1,5.0,0.0,,,,,100.0,
0.2,5.0,0.0,,,,,100.0,
0.3,5.0,0.0,,,67.0,,98.0,
0.4,5.0,0.0,,,28.175,131.89166666666668,20.0,
0.5,5.0,0.0,,,11.72,18.61387755102041,0.0,
0.6,5.0,0.0,,,7.224489795918367,9.84438775510204,2.0,
0.7,5.0,0.0,,,4.04,6.039183673469387,0.0,
0.8,5.0,0.0,,,2.8,2.979591836734694,0.0,
0.9,5.0,0.0,,,1.9,1.2755102040816326,0.0,
0.1,5.0,0.05,,,,,100.0,
0.2,5.0,0.05,,,273.1,6433.234693877551,0.0,
0.3,5.0,0.05,,,67.38,842.9751020408163,0.0,
0.4,5.0,0.05,,,22.82,29.41591836734694,0.0,
0.5,5.0,0.05,,,11.1,23.887755102040817,0.0,
0.6,5.0,0.05,,,6.02,7.162857142857143,0.0,
0.7,5.0,0.05,,,3.8,5.63265306122449,0.0,
0.8,5.0,0.05,,,2.58,2.7791836734693875,0.0,
0.9,5.0,0.05,,,1.46,0.743265306122449,0.0,
0.1,5.0,0.1,1146.325652,320.9956518,825.33,18977.06,64.0,
0.2,5.0,0.1,286.581413,109.001413,177.58,1928.33,0.0,
0.3,5.0,0.1,127.3695169,73.40951687,53.96,149.79,0.0,
0.4,5.0,0.1,71.64535324,49.52535324,22.12,90.88,0.0,
0.5,5.0,0.1,45.85302607,35.81302607,10.04,14.04,0.0,
0.6,5.0,0.1,31.84237922,25.04237922,6.8,17.14,0.0,
0.7,5.0,0.1,23.39440106,19.89440106,3.5,4.83,0.0,
0.8,5.0,0.1,17.91133831,15.35133831,2.56,2.74,0.0,
0.9,5.0,0.1,14.15216854,12.47216854,1.68,1.0,0.0,
0.1,5.0,0.2,810.5746418,117.8946418,692.68,32869.85,56.0,
0.2,5.0,0.2,202.6436605,56.56366046,146.08,1065.42,0.0,
0.3,5.0,0.2,90.06384909,41.24384909,48.82,177.54,0.0,
0.4,5.0,0.2,50.66091512,30.52091512,20.14,58.45,0.0,
0.5,5.0,0.2,32.42298567,21.98298567,10.44,19.56,0.0,
0.6,5.0,0.2,22.51596227,16.55596227,5.96,12.53,0.0,
0.7,5.0,0.2,16.54233963,13.50233963,3.04,3.55,0.0,
0.8,5.0,0.2,12.66522878,9.945228779,2.72,3.8,0.0,
0.9,5.0,0.2,10.00709434,8.347094344,1.66,0.56,0.0,
0.1,5.0,0.3,661.8314237,-95.01857635,756.85,26698.77,60.0,
0.2,5.0,0.3,165.4578559,17.61785591,147.84,1036.34,0.0,
0.3,5.0,0.3,73.53682485,30.83682485,42.7,135.56,0.0,
0.4,5.0,0.3,41.36446398,22.96446398,18.4,32.82,0.0,
0.5,5.0,0.3,26.47325695,16.61325695,9.86,17.02,0.0,
0.6,5.0,0.3,18.38420621,12.90420621,5.48,6.38,0.0,
0.7,5.0,0.3,13.50676375,10.24676375,3.26,3.87,0.0,
0.8,5.0,0.3,10.34111599,7.861115995,2.48,2.05,0.0,
0.9,5.0,0.3,8.170758317,6.170758317,2.0,1.71,0.0,
0.1,5.0,0.4,573.1628259,-185.4771741,758.64,31276.25,78.0,
0.2,5.0,0.4,143.2907065,-2.549293524,145.84,1163.36,0.0,
0.3,5.0,0.4,63.68475843,17.94475843,45.74,121.5,0.0,
0.4,5.0,0.4,35.82267662,17.62267662,18.2,26.16,0.0,
0.5,5.0,0.4,22.92651304,14.38651304,8.54,6.34,0.0,
0.6,5.0,0.4,15.92118961,10.86118961,5.06,11.98,0.0,
0.7,5.0,0.4,11.69720053,8.177200529,3.52,3.76,0.0,
0.8,5.0,0.4,8.955669155,6.775669155,2.18,1.33,0.0,
0.9,5.0,0.4,7.07608427,5.55608427,1.52,0.66,0.0,
0.1,5.0,0.5,512.6524164,-190.7675836,703.42,39433.36,76.0,
0.2,5.0,0.5,128.1631041,-31.73689591,159.9,1564.74,0.0,
0.3,5.0,0.5,56.9613796,13.1013796,43.86,160.16,0.0,
0.4,5.0,0.5,32.04077602,15.52077602,16.52,30.7,0.0,
0.5,5.0,0.5,20.50609665,11.82609665,8.68,11.98,0.0,
0.6,5.0,0.5,14.2403449,9.620344899,4.62,7.3,0.0,
0.7,5.0,0.5,10.46229421,7.502294211,2.96,1.22,0.0,
0.8,5.0,0.5,8.010194006,5.730194006,2.28,1.8,0.0,
0.9,5.0,0.5,6.329042177,4.729042177,1.6,0.49,0.0,
0.1,5.0,0.6,467.9854877,-320.0145123,788.0,60748.0,94.0,
0.2,5.0,0.6,116.9963719,-52.18362808,169.18,4916.56,0.0,
0.3,5.0,0.6,51.99838752,7.658387519,44.34,198.72,0.0,
0.4,5.0,0.6,29.24909298,14.30909298,14.94,17.32,0.0,
0.5,5.0,0.6,18.71941951,11.07941951,7.64,12.89,0.0,
0.6,5.0,0.6,12.99959688,7.69959688,5.3,6.17,0.0,
0.7,5.0,0.6,9.550724238,6.630724238,2.92,1.71,0.0,
0.8,5.0,0.6,7.312273245,4.752273245,2.56,1.6,0.0,
0.9,5.0,0.6,5.777598613,4.257598613,1.52,0.62,0.0,
0.1,5.0,0.7,433.2703709,-204.3296291,637.6,24447.3,90.0,
0.2,5.0,0.7,108.3175927,-82.52240728,190.84,6104.99,0.0,
0.3,5.0,0.7,48.14115232,7.92115232,40.22,92.62,0.0,
0.4,5.0,0.7,27.07939818,11.41939818,15.66,25.62,0.0,
0.5,5.0,0.7,17.33081484,9.990814835,7.34,12.11,0.0,
0.6,5.0,0.7,12.03528808,7.89528808,4.14,5.1,0.0,
0.7,5.0,0.7,8.842252467,6.002252467,2.84,2.63,0.0,
0.8,5.0,0.7,6.769849545,4.789849545,1.98,0.59,0.0,
0.9,5.0,0.7,5.349016924,3.729016924,1.62,1.02,0.0,
0.1,5.0,0.8,405.2873209,-242.3826791,647.67,43658.33,94.0,
0.2,5.0,0.8,101.3218302,-107.9981698,209.32,6032.34,0.0,
0.3,5.0,0.8,45.03192455,2.991924547,42.04,132.94,0.0,
0.4,5.0,0.8,25.33045756,10.37045756,14.96,26.53,0.0,
0.5,5.0,0.8,16.21149284,8.591492837,7.62,11.14,0.0,
0.6,5.0,0.8,11.25798114,6.637981137,4.62,4.73,0.0,
0.7,5.0,0.8,8.271169815,5.671169815,2.6,1.39,0.0,
0.8,5.0,0.8,6.332614389,4.072614389,2.26,0.69,0.0,
0.9,5.0,0.8,5.003547172,3.383547172,1.62,0.57,0.0,
0.1,5.0,0.9,382.1085506,,,,100.0,
0.2,5.0,0.9,95.52713765,-160.0528623,255.58,16387.68,0.0,
0.3,5.0,0.9,42.45650562,3.576505623,38.88,114.19,0.0,
0.4,5.0,0.9,23.88178441,8.881784413,15.0,18.2,0.0,
0.5,5.0,0.9,15.28434202,8.584342024,6.7,5.6,0.0,
0.6,5.0,0.9,10.61412641,6.554126406,4.06,2.55,0.0,
0.7,5.0,0.9,7.798133686,5.418133686,2.38,0.69,0.0,
0.8,5.0,0.9,5.970446103,3.990446103,1.98,0.63,0.0,
0.9,5.0,0.9,4.717389514,3.137389514,1.58,0.49,0.0,
0.1,7.0,0.0,,,,,100.0,
0.2,7.0,0.0,,,,,100.0,
0.3,7.0,0.0,,,,,100.0,
0.4,7.0,0.0,,,28.526315789473685,57.55334281650071,24.0,
0.5,7.0,0.0,,,13.63265306122449,22.987244897959183,2.0,
0.6,7.0,0.0,,,6.84,11.157551020408164,0.0,
0.7,7.0,0.0,,,4.18,6.191428571428571,0.0,
0.8,7.0,0.0,,,2.0,3.2244897959183674,0.0,
0.9,7.0,0.0,,,2.16,2.259591836734694,0.0,
0.1,7.0,0.05,,,,,100.0,
0.2,7.0,0.05,,,320.734693877551,11338.948979591836,2.0,
0.3,7.0,0.05,,,82.14,1627.8779591836735,0.0,
0.4,7.0,0.05,,,26.34,61.20857142857143,0.0,
0.5,7.0,0.05,,,13.5,29.602040816326532,0.0,
0.6,7.0,0.05,,,5.9,9.112244897959183,0.0,
0.7,7.0,0.05,,,4.64,9.01061224489796,0.0,
0.8,7.0,0.05,,,2.72,2.8587755102040817,0.0,
0.9,7.0,0.05,,,1.64,0.9697959183673469,0.0,
0.1,7.0,0.1,1184.272984,365.7029837,818.57,9305.95,86.0,
0.2,7.0,0.1,296.0682459,77.66824593,218.4,3085.63,0.0,
0.3,7.0,0.1,131.5858871,69.74588708,61.84,148.14,0.0,
0.4,7.0,0.1,74.01706148,49.91706148,24.1,54.58,0.0,
0.5,7.0,0.1,47.37091935,36.41091935,10.96,19.75,0.0,
0.6,7.0,0.1,32.89647177,25.45647177,7.44,20.82,0.0,
0.7,7.0,0.1,24.1688364,19.7488364,4.42,16.94,0.0,
0.8,7.0,0.1,18.50426537,15.68426537,2.82,4.15,0.0,
0.9,7.0,0.1,14.62065412,13.14065412,1.48,0.46,0.0,
0.1,7.0,0.2,837.4074576,24.73745757,812.67,19047.1,70.0,
0.2,7.0,0.2,209.3518644,27.97186439,181.38,1555.26,0.0,
0.3,7.0,0.2,93.04527306,36.32527306,56.72,145.23,0.0,
0.4,7.0,0.2,52.3379661,28.2179661,24.12,65.05,0.0,
0.5,7.0,0.2,33.4962983,22.4562983,11.04,19.67,0.0,
0.6,7.0,0.2,23.26131827,18.34131827,4.92,7.67,0.0,
0.7,7.0,0.2,17.08994811,13.38994811,3.7,4.74,0.0,
0.8,7.0,0.2,13.08449152,10.74449152,2.34,1.41,0.0,
0.9,7.0,0.2,10.33836367,8.418363674,1.92,1.75,0.0,
0.1,7.0,0.3,683.740326,-86.54967405,770.29,25162.24,86.0,
0.2,7.0,0.3,170.9350815,-16.40491851,187.34,1686.68,0.0,
0.3,7.0,0.3,75.97114733,24.87114733,51.1,129.32,0.0,
0.4,7.0,0.3,42.73377037,21.09377037,21.64,70.72,0.0,
0.5,7.0,0.3,27.34961304,17.80961304,9.54,16.78,0.0,
0.6,7.0,0.3,18.99278683,13.03278683,5.96,12.0,0.0,
0.7,7.0,0.3,13.9538842,10.1738842,3.78,7.93,0.0,
0.8,7.0,0.3,10.68344259,8.063442593,2.62,2.85,0.0,
0.9,7.0,0.3,8.441238592,6.741238592,1.7,0.87,0.0,
0.1,7.0,0.4,592.1364919,-199.1935081,791.33,18177.33,94.0,
0.2,7.0,0.4,148.034123,-55.94587703,203.98,2353.57,0.0,
0.3,7.0,0.4,65.79294354,12.71294354,53.08,209.3,0.0,
0.4,7.0,0.4,37.00853074,16.48853074,20.52,39.56,0.0,
0.5,7.0,0.4,23.68545967,14.72545967,8.96,17.79,0.0,
0.6,7.0,0.4,16.44823589,10.70823589,5.74,6.6,0.0,
0.7,7.0,0.4,12.0844182,9.284418201,2.8,2.0,0.0,
0.8,7.0,0.4,9.252132685,7.192132685,2.06,0.75,0.0,
0.9,7.0,0.4,7.31032706,5.51032706,1.8,1.22,0.0,
0.1,7.0,0.5,529.6229791,-286.7070209,816.33,21317.33,94.0,
0.2,7.0,0.5,132.4057448,-95.03425522,227.44,4592.29,0.0,
0.3,7.0,0.5,58.84699768,1.706997679,57.14,264.04,0.0,
0.4,7.0,0.5,33.10143619,11.90143619,21.2,65.67,0.0,
0.5,7.0,0.5,21.18491916,12.38491916,8.8,13.22,0.0,
0.6,7.0,0.5,14.71174942,8.71174942,6.0,10.16,0.0,
0.7,7.0,0.5,10.80863223,7.648632227,3.16,2.55,0.0,
0.8,7.0,0.5,8.275359049,5.855359049,2.42,1.76,0.0,
0.9,7.0,0.5,6.538555298,4.778555298,1.76,1.0,0.0,
0.1,7.0,0.6,483.4774211,,,,100.0,
0.2,7.0,0.6,120.8693553,-170.5406447,291.41,31243.08,2.0,
0.3,7.0,0.6,53.71971345,-2.98028655,56.7,227.93,0.0,
0.4,7.0,0.6,30.21733882,10.99733882,19.22,33.28,0.0,
0.5,7.0,0.6,19.33909684,11.43909684,7.9,9.52,0.0,
0.6,7.0,0.6,13.42992836,8.609928363,4.82,11.58,0.0,
0.7,7.0,0.6,9.866886144,6.766886144,3.1,2.87,0.0,
0.8,7.0,0.6,7.554334704,5.194334704,2.36,1.26,0.0,
0.9,7.0,0.6,5.96885705,4.30885705,1.66,0.51,0.0,
0.1,7.0,0.7,447.6131142,,,,100.0,
0.2,7.0,0.7,111.9032785,-204.1167215,316.02,17536.28,4.0,
0.3,7.0,0.7,49.73479047,-2.285209534,52.02,241.82,0.0,
0.4,7.0,0.7,27.97581964,9.215819637,18.76,37.45,0.0,
0.5,7.0,0.7,17.90452457,9.164524568,8.74,13.46,0.0,
0.6,7.0,0.7,12.43369762,7.573697617,4.86,7.27,0.0,
0.7,7.0,0.7,9.134961514,6.334961514,2.8,3.31,0.0,
0.8,7.0,0.7,6.993954909,4.753954909,2.24,1.04,0.0,
0.9,7.0,0.7,5.52608783,4.00608783,1.52,0.5,0.0,
0.1,7.0,0.8,418.7037288,,,,100.0,
0.2,7.0,0.8,104.6759322,-251.0140678,355.69,31575.4,10.0,
0.3,7.0,0.8,46.52263653,-6.797363468,53.32,197.65,0.0,
0.4,7.0,0.8,26.16898305,6.408983049,19.76,43.08,0.0,
0.5,7.0,0.8,16.74814915,10.06814915,6.68,11.04,0.0,
0.6,7.0,0.8,11.63065913,7.710659133,3.92,2.44,0.0,
0.7,7.0,0.8,8.544974057,6.024974057,2.52,1.93,0.0,
0.8,7.0,0.8,6.542245762,4.462245762,2.08,0.85,0.0,
0.9,7.0,0.8,5.169181837,3.549181837,1.62,0.52,0.0,
0.1,7.0,0.9,394.7576612,,,,100.0,
0.2,7.0,0.9,98.68941531,-279.7505847,378.44,53416.48,10.0,
0.3,7.0,0.9,43.86196236,-13.73803764,57.6,326.37,0.0,
0.4,7.0,0.9,24.67235383,8.452353828,16.22,34.79,0.0,
0.5,7.0,0.9,15.79030645,7.99030645,7.8,10.69,0.0,
0.6,7.0,0.9,10.96549059,6.80549059,4.16,3.85,0.0,
0.7,7.0,0.9,8.056278801,5.136278801,2.92,2.4,0.0,
0.8,7.0,0.9,6.168088457,3.968088457,2.2,1.02,0.0,
0.9,7.0,0.9,4.873551373,3.313551373,1.56,0.41,0.0,
0.1,9.0,0.0,,,,,100.0,
0.2,9.0,0.0,,,,,100.0,
0.3,9.0,0.0,,,,,100.0,
0.4,9.0,0.0,,,34.333333333333336,187.39837398373984,16.0,
0.5,9.0,0.0,,,15.0,47.333333333333336,2.0,
0.6,9.0,0.0,,,7.34,16.55551020408163,0.0,
0.7,9.0,0.0,,,3.18,3.0893877551020408,0.0,
0.8,9.0,0.0,,,2.72,6.2057142857142855,0.0,
0.9,9.0,0.0,,,1.72,0.6546938775510204,0.0,
0.1,9.0,0.05,,,,,100.0,
0.2,9.0,0.05,,,320.32,7015.405714285715,0.0,
0.3,9.0,0.05,,,85.96,465.30448979591836,0.0,
0.4,9.0,0.05,,,32.62,102.73020408163265,0.0,
0.5,9.0,0.05,,,13.22,33.64448979591837,0.0,
0.6,9.0,0.05,,,5.76,12.594285714285714,0.0,
0.7,9.0,0.05,,,3.28,4.4097959183673465,0.0,
0.8,9.0,0.05,,,2.58,4.901632653061225,0.0,
0.9,9.0,0.05,,,2.04,1.9575510204081632,0.0,
0.1,9.0,0.1,1234.869426,428.1994263,806.67,24166.33,94.0,
0.2,9.0,0.1,308.7173566,77.93735657,230.78,3080.79,0.0,
0.3,9.0,0.1,137.207714,57.84771403,79.36,364.48,0.0,
0.4,9.0,0.1,77.17933914,48.81933914,28.36,87.99,0.0,
0.5,9.0,0.1,49.39477705,35.79477705,13.6,49.31,0.0,
0.6,9.0,0.1,34.30192851,27.02192851,7.28,21.19,0.0,
0.7,9.0,0.1,25.20141686,21.38141686,3.82,6.15,0.0,
0.8,9.0,0.1,19.29483479,16.87483479,2.42,2.9,0.0,
0.9,9.0,0.1,15.24530156,13.40530156,1.84,3.28,0.0,
0.1,9.0,0.2,873.1845452,36.04454521,837.14,5966.81,86.0,
0.2,9.0,0.2,218.2961363,-7.123863697,225.42,3257.55,0.0,
0.3,9.0,0.2,97.02050502,27.96050502,69.06,306.91,0.0,
0.4,9.0,0.2,54.57403408,29.59403408,24.98,68.84,0.0,
0.5,9.0,0.2,34.92738181,24.24738181,10.68,28.59,0.0,
0.6,9.0,0.2,24.25512626,18.15512626,6.1,14.17,0.0,
0.7,9.0,0.2,17.82009276,13.62009276,4.2,9.55,0.0,
0.8,9.0,0.2,13.64350852,11.20350852,2.44,2.7,0.0,
0.9,9.0,0.2,10.78005611,8.980056114,1.8,1.51,0.0,
0.1,9.0,0.3,712.9521957,-40.04780431,753.0,18192.0,92.0,
0.2,9.0,0.3,178.2380489,-59.96195108,238.2,4711.02,0.0,
0.3,9.0,0.3,79.21691063,11.01691063,68.2,319.71,0.0,
0.4,9.0,0.3,44.55951223,19.35951223,25.2,66.98,0.0,
0.5,9.0,0.3,28.51808783,18.01808783,10.5,17.81,0.0,
0.6,9.0,0.3,19.80422766,13.90422766,5.9,11.6,0.0,
0.7,9.0,0.3,14.55004481,10.69004481,3.86,8.53,0.0,
0.8,9.0,0.3,11.13987806,8.719878058,2.42,1.8,0.0,
0.9,9.0,0.3,8.801878959,7.101878959,1.7,0.79,0.0,
0.1,9.0,0.4,617.4347131,-155.5652869,773.0,,98.0,
0.2,9.0,0.4,154.3586783,-111.5813217,265.94,5932.83,0.0,
0.3,9.0,0.4,68.60385702,-2.396142984,71.0,492.0,0.0,
0.4,9.0,0.4,38.58966957,17.06966957,21.52,64.91,0.0,
0.5,9.0,0.4,24.69738853,14.25738853,10.44,27.48,0.0,
0.6,9.0,0.4,17.15096425,11.31096425,5.84,9.08,0.0,
0.7,9.0,0.4,12.60070843,9.000708432,3.6,5.63,0.0,
0.8,9.0,0.4,9.647417393,7.367417393,2.28,2.16,0.0,
0.9,9.0,0.4,7.62265078,5.82265078,1.8,0.82,0.0,
0.1,9.0,0.5,552.2503961,-257.7496039,810.0,,98.0,
0.2,9.0,0.5,138.062599,-197.677401,335.74,25371.01,0.0,
0.3,9.0,0.5,61.36115512,-4.658844877,66.02,284.31,0.0,
0.4,9.0,0.5,34.51564976,13.89564976,20.62,42.24,0.0,
0.5,9.0,0.5,22.09001584,11.19001584,10.9,34.83,0.0,
0.6,9.0,0.5,15.34028878,10.14028878,5.2,10.81,0.0,
0.7,9.0,0.5,11.27041625,7.690416247,3.58,4.9,0.0,
0.8,9.0,0.5,8.628912439,6.408912439,2.22,1.73,0.0,
0.9,9.0,0.5,6.817906125,5.037906125,1.78,0.79,0.0,
0.1,9.0,0.6,504.1333322,,,,100.0,
0.2,9.0,0.6,126.0333331,-262.0766669,388.11,41309.88,6.0,
0.3,9.0,0.6,56.01481469,-17.26518531,73.28,525.88,0.0,
0.4,9.0,0.6,31.50833326,8.828333264,22.68,74.26,0.0,
0.5,9.0,0.6,20.16533329,10.68533329,9.48,17.97,0.0,
0.6,9.0,0.6,14.00370367,9.123703673,4.88,7.13,0.0,
0.7,9.0,0.6,10.28843535,6.748435352,3.54,4.91,0.0,
0.8,9.0,0.6,7.877083316,5.637083316,2.24,2.88,0.0,
0.9,9.0,0.6,6.223868299,4.363868299,1.86,0.9,0.0,
0.1,9.0,0.7,466.7367719,,,,100.0,
0.2,9.0,0.7,116.684193,-323.335807,440.02,53493.7,12.0,
0.3,9.0,0.7,51.85964133,-10.16035867,62.02,381.49,0.0,
0.4,9.0,0.7,29.17104825,8.851048247,20.32,54.75,0.0,
0.5,9.0,0.7,18.66947088,9.229470878,9.44,21.48,0.0,
0.6,9.0,0.7,12.96491033,8.584910332,4.38,5.42,0.0,
0.7,9.0,0.7,9.525240244,6.285240244,3.24,2.76,0.0,
0.8,9.0,0.7,7.292762062,5.012762062,2.28,0.57,0.0,
0.9,9.0,0.7,5.76218237,4.10218237,1.66,0.56,0.0,
0.1,9.0,0.8,436.5922726,,,,100.0,
0.2,9.0,0.8,109.1480682,-327.4919318,436.64,48974.07,28.0,
0.3,9.0,0.8,48.51025251,-18.90974749,67.42,371.96,0.0,
0.4,9.0,0.8,27.28701704,7.907017038,19.38,39.26,0.0,
0.5,9.0,0.8,17.4636909,9.523690904,7.94,12.63,0.0,
0.6,9.0,0.8,12.12756313,7.247563128,4.88,12.72,0.0,
0.7,9.0,0.8,8.91004638,5.85004638,3.06,3.28,0.0,
0.8,9.0,0.8,6.821754259,4.681754259,2.14,2.37,0.0,
0.9,9.0,0.8,5.390028057,3.770028057,1.62,0.53,0.0,
0.1,9.0,0.9,411.6231421,,,,100.0,
0.2,9.0,0.9,102.9057855,-335.6542145,438.56,56137.06,68.0,
0.3,9.0,0.9,45.73590468,-16.78409532,62.52,386.95,0.0,
0.4,9.0,0.9,25.72644638,8.546446381,17.18,45.21,0.0,
0.5,9.0,0.9,16.46492568,8.584925684,7.88,12.8,0.0,
0.6,9.0,0.9,11.43397617,7.053976169,4.38,4.57,0.0,
0.7,9.0,0.9,8.400472288,5.620472288,2.78,1.36,0.0,
0.8,9.0,0.9,6.431611595,4.151611595,2.28,1.88,0.0,
0.9,9.0,0.9,5.081767186,3.581767186,1.5,0.58,0.0,
0.1,10.0,0.0,,,,,100.0,
0.2,10.0,0.0,,,,,100.0,
0.3,10.0,0.0,,,,,100.0,
0.4,10.0,0.0,,,38.095238095238095,129.64924506387922,16.0,
0.5,10.0,0.0,,,14.551020408163266,64.08588435374149,2.0,
0.6,10.0,0.0,,,6.02,14.59142857142857,0.0,
0.7,10.0,0.0,,,4.06,7.077959183673469,0.0,
0.8,10.0,0.0,,,2.64,2.9289795918367347,0.0,
0.9,10.0,0.0,,,1.7,1.1122448979591837,0.0,
0.1,10.0,0.05,,,,,100.0,
0.2,10.0,0.05,,,352.9,11459.765306122448,0.0,
0.3,10.0,0.05,,,98.96,941.8351020408163,0.0,
0.4,10.0,0.05,,,33.68,92.50775510204082,0.0,
0.5,10.0,0.05,,,14.92,48.36081632653061,0.0,
0.6,10.0,0.05,,,7.0,17.26530612244898,0.0,
0.7,10.0,0.05,,,4.24,7.084081632653061,0.0,
0.8,10.0,0.05,,,2.44,1.5575510204081633,0.0,
0.9,10.0,0.05,,,1.7,0.9489795918367347,0.0,
0.1,10.0,0.1,1264.911064,407.4110641,857.5,14280.5,96.0,
0.2,10.0,0.1,316.227766,52.96776602,263.26,4284.16,0.0,
0.3,10.0,0.1,140.5456738,60.90567379,79.64,508.36,0.0,
0.4,10.0,0.1,79.0569415,49.0369415,30.02,64.43,0.0,
0.5,10.0,0.1,50.59644256,38.77644256,11.82,27.74,0.0,
0.6,10.0,0.1,35.13641845,28.63641845,6.5,19.52,0.0,
0.7,10.0,0.1,25.81451151,21.99451151,3.82,7.46,0.0,
0.8,10.0,0.1,19.76423538,17.32423538,2.44,4.41,0.0,
0.9,10.0,0.1,15.61618598,13.95618598,1.66,0.8,0.0,
0.1,10.0,0.2,894.427191,43.427191,851.0,392.0,96.0,
0.2,10.0,0.2,223.6067977,-28.15320225,251.76,4096.84,0.0,
0.3,10.0,0.2,99.380799,31.620799,67.76,312.15,0.0,
0.4,10.0,0.2,55.90169944,28.86169944,27.04,130.41,0.0,
0.5,10.0,0.2,35.77708764,22.43708764,13.34,46.76,0.0,
0.6,10.0,0.2,24.84519975,19.92519975,4.92,9.54,0.0,
0.7,10.0,0.2,18.25361614,14.81361614,3.44,5.92,0.0,
0.8,10.0,0.2,13.97542486,11.81542486,2.16,1.69,0.0,
0.9,10.0,0.2,11.042311,9.462311,1.58,0.82,0.0,
0.1,10.0,0.3,730.2967433,-103.7032567,834.0,45602.0,96.0,
0.2,10.0,0.3,182.5741858,-92.26581416,274.84,5358.38,0.0,
0.3,10.0,0.3,81.14408259,7.744082593,73.4,342.57,0.0,
0.4,10.0,0.3,45.64354646,20.02354646,25.62,56.65,0.0,
0.5,10.0,0.3,29.21186973,17.41186973,11.8,28.2,0.0,
0.6,10.0,0.3,20.28602065,13.84602065,6.44,20.99,0.0,
0.7,10.0,0.3,14.90401517,11.26401517,3.64,6.56,0.0,
0.8,10.0,0.3,11.41088661,8.950886615,2.46,2.62,0.0,
0.9,10.0,0.3,9.016009177,7.456009177,1.56,0.66,0.0,
0.1,10.0,0.4,632.455532,,,,100.0,
0.2,10.0,0.4,158.113883,-154.586117,312.7,13660.3,0.0,
0.3,10.0,0.4,70.27283689,2.852836893,67.42,349.55,0.0,
0.4,10.0,0.4,39.52847075,16.38847075,23.14,60.45,0.0,
0.5,10.0,0.4,25.29822128,15.29822128,10.0,16.86,0.0,
0.6,10.0,0.4,17.56820922,11.56820922,6.0,10.2,0.0,
0.7,10.0,0.4,12.90725576,9.807255756,3.1,3.64,0.0,
0.8,10.0,0.4,9.882117688,7.542117688,2.34,1.05,0.0,
0.9,10.0,0.4,7.808092988,6.408092988,1.4,0.49,0.0,
0.1,10.0,0.5,565.6854249,,,,100.0,
0.2,10.0,0.5,141.4213562,-260.9186438,402.34,35125.7,0.0,
0.3,10.0,0.5,62.85393611,-10.00606389,72.86,382.9,0.0,
0.4,10.0,0.5,35.35533906,13.37533906,21.98,52.63,0.0,
0.5,10.0,0.5,22.627417,11.327417,11.3,31.28,0.0,
0.6,10.0,0.5,15.71348403,10.33348403,5.38,8.98,0.0,
0.7,10.0,0.5,11.54460051,8.244600509,3.3,4.54,0.0,
0.8,10.0,0.5,8.838834765,6.298834765,2.54,1.6,0.0,
0.9,10.0,0.5,6.983770678,5.163770678,1.82,1.66,0.0,
0.1,10.0,0.6,516.3977795,,,,100.0,
0.2,10.0,0.6,129.0994449,-324.5405551,453.64,44677.12,12.0,
0.3,10.0,0.6,57.37753105,-15.70246895,73.08,545.14,0.0,
0.4,10.0,0.6,32.27486122,10.97486122,21.3,35.68,0.0,
0.5,10.0,0.6,20.65591118,10.91591118,9.74,19.46,0.0,
0.6,10.0,0.6,14.34438276,8.904382764,5.44,9.44,0.0,
0.7,10.0,0.6,10.53873019,7.698730194,2.84,2.26,0.0,
0.8,10.0,0.6,8.068715305,5.608715305,2.46,1.68,0.0,
0.9,10.0,0.6,6.375281228,4.495281228,1.88,0.92,0.0,
0.1,10.0,0.7,478.0914437,,,,100.0,
0.2,10.0,0.7,119.5228609,-386.5571391,506.08,74521.53,24.0,
0.3,10.0,0.7,53.12127153,-22.17872847,75.3,639.03,0.0,
0.4,10.0,0.7,29.88071523,9.700715233,20.18,54.37,0.0,
0.5,10.0,0.7,19.12365775,10.06365775,9.06,17.65,0.0,
0.6,10.0,0.7,13.28031788,9.060317881,4.22,3.03,0.0,
0.7,10.0,0.7,9.756968239,6.696968239,3.06,4.87,0.0,
0.8,10.0,0.7,7.470178808,5.050178808,2.42,2.66,0.0,
0.9,10.0,0.7,5.902363503,4.382363503,1.52,0.62,0.0,
0.1,10.0,0.8,447.2135955,,,,100.0,
0.2,10.0,0.8,111.8033989,-398.3566011,510.16,55248.47,38.0,
0.3,10.0,0.8,49.6903995,-24.1696005,73.86,506.25,0.0,
0.4,10.0,0.8,27.95084972,8.910849719,19.04,80.16,0.0,
0.5,10.0,0.8,17.88854382,9.78854382,8.1,14.21,0.0,
0.6,10.0,0.8,12.42259987,7.782599875,4.64,8.56,0.0,
0.7,10.0,0.8,9.126808071,6.586808071,2.54,1.56,0.0,
0.8,10.0,0.8,6.98771243,5.02771243,1.96,0.77,0.0,
0.9,10.0,0.8,5.5211555,3.9211555,1.6,0.45,0.0,
0.1,10.0,0.9,421.6370214,,,,100.0,
0.2,10.0,0.9,105.4092553,-321.3207447,426.73,63736.97,56.0,
0.3,10.0,0.9,46.84855793,-18.65144207,65.5,374.87,0.0,
0.4,10.0,0.9,26.35231383,6.832313835,19.52,40.46,0.0,
0.5,10.0,0.9,16.86548085,8.805480854,8.06,18.63,0.0,
0.6,10.0,0.9,11.71213948,6.952139482,4.76,6.55,0.0,
0.7,10.0,0.9,8.604837171,5.824837171,2.78,2.42,0.0,
0.8,10.0,0.9,6.588078459,4.528078459,2.06,0.91,0.0,
0.9,10.0,0.9,5.205395325,3.465395325,1.74,0.65,0.0,
0.1,15.0,0.0,,,,,100.0,
0.2,15.0,0.0,,,,,100.0,
0.3,15.0,0.0,,,216.0,4418.0,96.0,
0.4,15.0,0.0,,,48.891304347826086,263.4768115942029,8.0,
0.5,15.0,0.0,,,19.729166666666668,120.75487588652483,4.0,
0.6,15.0,0.0,,,8.4,34.204081632653065,0.0,
0.7,15.0,0.0,,,3.7,8.051020408163266,0.0,
0.8,15.0,0.0,,,2.36,1.8677551020408163,0.0,
0.9,15.0,0.0,,,1.8,0.9387755102040817,0.0,
0.1,15.0,0.05,,,,,100.0,
0.2,15.0,0.05,,,413.57142857142856,5947.958333333333,2.0,
0.3,15.0,0.05,,,128.44,1637.9248979591837,0.0,
0.4,15.0,0.05,,,43.24,174.67591836734695,0.0,
0.5,15.0,0.05,,,14.92,80.85061224489796,0.0,
0.6,15.0,0.05,,,6.5,24.214285714285715,0.0,
0.7,15.0,0.05,,,4.36,10.724897959183673,0.0,
0.8,15.0,0.05,,,2.64,3.6228571428571428,0.0,
0.9,15.0,0.05,,,2.02,2.836326530612245,0.0,
0.1,15.0,0.1,1462.553418,,,,100.0,
0.2,15.0,0.1,365.6383545,18.05835446,347.58,9666.53,0.0,
0.3,15.0,0.1,162.5059353,52.22593531,110.28,629.68,0.0,
0.4,15.0,0.1,91.40958861,53.86958861,37.54,222.01,0.0,
0.5,15.0,0.1,58.50213671,43.88213671,14.62,67.95,0.0,
0.6,15.0,0.1,40.62648383,33.86648383,6.76,17.53,0.0,
0.7,15.0,0.1,29.84802894,26.32802894,3.52,6.3,0.0,
0.8,15.0,0.1,22.85239715,19.95239715,2.9,3.23,0.0,
0.9,15.0,0.1,18.05621503,16.43621503,1.62,0.73,0.0,
0.1,15.0,0.2,1034.18144,,,,100.0,
0.2,15.0,0.2,258.5453599,-137.2746401,395.82,12007.46,0.0,
0.3,15.0,0.2,114.9090488,10.32904884,104.58,834.04,0.0,
0.4,15.0,0.2,64.63633997,28.47633997,36.16,276.83,0.0,
0.5,15.0,0.2,41.36725758,27.02725758,14.34,79.05,0.0,
0.6,15.0,0.2,28.72726221,21.74726221,6.98,21.45,0.0,
0.7,15.0,0.2,21.10574367,17.14574367,3.96,10.37,0.0,
0.8,15.0,0.2,16.15908499,13.65908499,2.5,2.66,0.0,
0.9,15.0,0.2,12.76767209,11.20767209,1.56,0.82,0.0,
0.1,15.0,0.3,844.4056095,,,,100.0,
0.2,15.0,0.3,211.1014024,-299.4885976,510.59,44107.58,2.0,
0.3,15.0,0.3,93.8228455,-9.437154501,103.26,1018.73,0.0,
0.4,15.0,0.3,52.77535059,18.15535059,34.62,95.63,0.0,
0.5,15.0,0.3,33.77622438,21.19622438,12.58,57.76,0.0,
0.6,15.0,0.3,23.45571137,16.93571137,6.52,28.09,0.0,
0.7,15.0,0.3,17.23276754,13.43276754,3.8,4.45,0.0,
0.8,15.0,0.3,13.19383765,10.97383765,2.22,0.91,0.0,
0.9,15.0,0.3,10.42476061,8.704760611,1.72,1.43,0.0,
0.1,15.0,0.4,731.2767089,,,,100.0,
0.2,15.0,0.4,182.8191772,-343.4308228,526.25,41801.42,20.0,
0.3,15.0,0.4,81.25296766,-19.64703234,100.9,956.38,0.0,
0.4,15.0,0.4,45.70479431,17.54479431,28.16,112.26,0.0,
0.5,15.0,0.4,29.25106836,19.17106836,10.08,28.56,0.0,
0.6,15.0,0.4,20.31324191,14.31324191,6.0,20.78,0.0,
0.7,15.0,0.4,14.92401447,11.74401447,3.18,2.8,0.0,
0.8,15.0,0.4,11.42619858,8.766198577,2.66,2.72,0.0,
0.9,15.0,0.4,9.028107517,7.268107517,1.76,0.96,0.0,
0.1,15.0,0.5,654.0737726,,,,100.0,
0.2,15.0,0.5,163.5184431,-304.0015569,467.52,46761.84,50.0,
0.3,15.0,0.5,72.67486362,-29.22513638,101.9,1073.81,0.0,
0.4,15.0,0.5,40.87961079,10.91961079,29.96,99.02,0.0,
0.5,15.0,0.5,26.1629509,15.6229509,10.54,33.85,0.0,
0.6,15.0,0.5,18.16871591,12.40871591,5.76,12.35,0.0,
0.7,15.0,0.5,13.34844434,9.228444339,4.12,14.19,0.0,
0.8,15.0,0.5,10.2199027,7.999902697,2.22,1.93,0.0,
0.9,15.0,0.5,8.074984847,6.554984847,1.52,0.7,0.0,
0.1,15.0,0.6,597.0849325,,,,100.0,
0.2,15.0,0.6,149.2712331,-319.8987669,469.17,35022.15,64.0,
0.3,15.0,0.6,66.34277028,-30.23722972,96.58,621.96,0.0,
0.4,15.0,0.6,37.31780828,11.85780828,25.46,87.56,0.0,
0.5,15.0,0.6,23.8833973,13.8433973,10.04,30.73,0.0,
0.6,15.0,0.6,16.58569257,11.16569257,5.42,19.43,0.0,
0.7,15.0,0.6,12.18540679,9.225406787,2.96,2.81,0.0,
0.8,15.0,0.6,9.329452071,7.369452071,1.96,1.26,0.0,
0.9,15.0,0.6,7.37141892,5.57141892,1.8,0.94,0.0,
0.1,15.0,0.7,552.7932318,,,,100.0,
0.2,15.0,0.7,138.198308,-296.661692,434.86,36442.59,72.0,
0.3,15.0,0.7,61.4214702,-40.6385298,102.06,1044.38,0.0,
0.4,15.0,0.7,34.54957699,8.969576989,25.58,85.84,0.0,
0.5,15.0,0.7,22.11172927,13.01172927,9.1,25.72,0.0,
0.6,15.0,0.7,15.35536755,10.11536755,5.24,10.84,0.0,
0.7,15.0,0.7,11.28149453,7.901494527,3.38,5.3,0.0,
0.8,15.0,0.7,8.637394247,6.617394247,2.02,0.63,0.0,
0.9,15.0,0.7,6.8246078,5.3046078,1.52,0.5,0.0,
0.1,15.0,0.8,517.0907198,,,,100.0,
0.2,15.0,0.8,129.2726799,-317.0573201,446.33,27167.5,82.0,
0.3,15.0,0.8,57.45452442,-35.86547558,93.32,977.41,0.0,
0.4,15.0,0.8,32.31816999,8.838169987,23.48,80.42,0.0,
0.5,15.0,0.8,20.68362879,11.44362879,9.24,36.47,0.0,
0.6,15.0,0.8,14.36363111,10.14363111,4.22,4.13,0.0,
0.7,15.0,0.8,10.55287183,7.552871833,3.0,2.86,0.0,
0.8,15.0,0.8,8.079542497,5.799542497,2.28,1.31,0.0,
0.9,15.0,0.8,6.383836047,4.763836047,1.62,1.02,0.0,
0.1,15.0,0.9,487.5178059,,,,100.0,
0.2,15.0,0.9,121.8794515,-263.0105485,384.89,37312.61,82.0,
0.3,15.0,0.9,54.1686451,-40.7713549,94.94,903.65,0.0,
0.4,15.0,0.9,30.46986287,8.369862871,22.1,98.7,0.0,
0.5,15.0,0.9,19.50071224,11.70071224,7.8,20.12,0.0,
0.6,15.0,0.9,13.54216128,9.462161276,4.08,4.48,0.0,
0.7,15.0,0.9,9.949342978,7.149342978,2.8,1.67,0.0,
0.8,15.0,0.9,7.617465718,5.477465718,2.14,1.18,0.0,
0.9,15.0,0.9,6.018738345,4.458738345,1.56,0.5,0.0,
0.1,20.0,0.0,,,,,100.0,
0.2,20.0,0.0,,,,,100.0,
0.3,20.0,0.0,,,,,100.0,
0.4,20.0,0.0,,,56.84090909090909,343.81131078224104,12.0,
0.5,20.0,0.0,,,18.62,158.81183673469388,0.0,
0.6,20.0,0.0,,,8.36,65.21469387755101,0.0,
0.7,20.0,0.0,,,4.96,25.50857142857143,0.0,
0.8,20.0,0.0,,,3.2,11.224489795918368,0.0,
0.9,20.0,0.0,,,1.98,1.6934693877551021,0.0,
0.1,20.0,0.05,,,,,100.0,
0.2,20.0,0.05,,,483.2448979591837,14033.938775510203,2.0,
0.3,20.0,0.05,,,151.56,1534.006530612245,0.0,
0.4,20.0,0.05,,,48.36,189.94938775510204,0.0,
0.5,20.0,0.05,,,21.36,160.23510204081632,0.0,
0.6,20.0,0.05,,,8.82,56.80367346938775,0.0,
0.7,20.0,0.05,,,4.48,14.826122448979591,0.0,
0.8,20.0,0.05,,,2.82,2.8444897959183675,0.0,
0.9,20.0,0.05,,,1.92,1.4628571428571429,0.0,
0.1,20.0,0.1,1739.252713,,,,100.0,
0.2,20.0,0.1,434.8131783,-14.52682173,449.34,12524.31,0.0,
0.3,20.0,0.1,193.2503015,57.85030145,135.4,1394.2,0.0,
0.4,20.0,0.1,108.7032946,62.66329457,46.04,218.65,0.0,
0.5,20.0,0.1,69.57010852,51.77010852,17.8,161.43,0.0,
0.6,20.0,0.1,48.31257536,40.75257536,7.56,23.07,0.0,
0.7,20.0,0.1,35.49495333,32.07495333,3.42,3.76,0.0,
0.8,20.0,0.1,27.17582364,24.55582364,2.62,2.52,0.0,
0.9,20.0,0.1,21.47225572,19.53225572,1.94,2.42,0.0,
0.1,20.0,0.2,1229.837388,,,,100.0,
0.2,20.0,0.2,307.4593469,-229.2406531,536.7,21426.83,0.0,
0.3,20.0,0.2,136.6485986,11.64859862,125.0,1473.31,0.0,
0.4,20.0,0.2,76.86483673,40.32483673,36.54,198.78,0.0,
0.5,20.0,0.2,49.1934955,34.4334955,14.76,66.84,0.0,
0.6,20.0,0.2,34.16214966,28.22214966,5.94,17.89,0.0,
0.7,20.0,0.2,25.0987222,21.2587222,3.84,6.99,0.0,
0.8,20.0,0.2,19.21620918,16.15620918,3.06,9.73,0.0,
0.9,20.0,0.2,15.18317762,13.64317762,1.54,0.66,0.0,
0.1,20.0,0.3,1004.158022,,,,100.0,
0.2,20.0,0.3,251.0395055,-346.6004945,597.64,35892.43,34.0,
0.3,20.0,0.3,111.5731136,-23.68688643,135.26,1526.77,0.0,
0.4,20.0,0.3,62.75987638,26.81987638,35.94,187.4,0.0,
0.5,20.0,0.3,40.16632088,27.20632088,12.96,56.0,0.0,
0.6,20.0,0.3,27.89327839,21.69327839,6.2,25.02,0.0,
0.7,20.0,0.3,20.49302086,17.09302086,3.4,3.18,0.0,
0.8,20.0,0.3,15.6899691,13.5899691,2.1,1.44,0.0,
0.9,20.0,0.3,12.39701262,10.55701262,1.84,1.12,0.0,
0.1,20.0,0.4,869.6263565,,,,100.0,
0.2,20.0,0.4,217.4065891,-352.5034109,569.91,50120.9,54.0,
0.3,20.0,0.4,96.62515073,-34.25484927,130.88,1975.62,0.0,
0.4,20.0,0.4,54.35164728,20.57164728,33.78,178.75,0.0,
0.5,20.0,0.4,34.78505426,23.94505426,10.84,45.2,0.0,
0.6,20.0,0.4,24.15628768,17.97628768,6.18,17.33,0.0,
0.7,20.0,0.4,17.74747666,14.50747666,3.24,3.94,0.0,
0.8,20.0,0.4,13.58791182,11.70791182,1.88,0.64,0.0,
0.9,20.0,0.4,10.73612786,8.856127859,1.88,1.9,0.0,
0.1,20.0,0.5,777.8174593,,,,100.0,
0.2,20.0,0.5,194.4543648,-387.8156352,582.27,41434.92,70.0,
0.3,20.0,0.5,86.42416215,-48.45583785,134.88,2527.62,0.0,
0.4,20.0,0.5,48.61359121,17.43359121,31.18,209.33,0.0,
0.5,20.0,0.5,31.11269837,20.39269837,10.72,39.35,0.0,
0.6,20.0,0.5,21.60604054,15.98604054,5.62,13.06,0.0,
0.7,20.0,0.5,15.8738257,13.0538257,2.82,1.78,0.0,
0.8,20.0,0.5,12.1533978,10.2133978,1.94,0.79,0.0,
0.9,20.0,0.5,9.602684683,8.142684683,1.46,0.5,0.0,
0.1,20.0,0.6,710.0469468,,,,100.0,
0.2,20.0,0.6,177.5117367,-335.6682633,513.18,35869.16,78.0,
0.3,20.0,0.6,78.8941052,-47.1658948,126.06,1486.67,0.0,
0.4,20.0,0.6,44.37793418,16.29793418,28.08,98.56,0.0,
0.5,20.0,0.6,28.40187787,17.74187787,10.66,43.54,0.0,
0.6,20.0,0.6,19.7235263,14.9035263,4.82,8.31,0.0,
0.7,20.0,0.6,14.49075402,11.41075402,3.08,2.36,0.0,
0.8,20.0,0.6,11.09448354,9.034483544,2.06,1.28,0.0,
0.9,20.0,0.6,8.766011689,6.986011689,1.78,0.79,0.0,
0.1,20.0,0.7,657.3757351,,,,100.0,
0.2,20.0,0.7,164.3439338,-252.2260662,416.57,4630.29,86.0,
0.3,20.0,0.7,73.04174835,-45.57825165,118.62,1356.57,0.0,
0.4,20.0,0.7,41.08598345,11.96598345,29.12,180.15,0.0,
0.5,20.0,0.7,26.29502941,16.19502941,10.1,50.17,0.0,
0.6,20.0,0.7,18.26043709,12.76043709,5.5,12.21,0.0,
0.7,20.0,0.7,13.41583133,10.67583133,2.74,1.26,0.0,
0.8,20.0,0.7,10.27149586,8.091495861,2.18,0.8,0.0,
0.9,20.0,0.7,8.115749816,6.515749816,1.6,0.45,0.0,
0.1,20.0,0.8,614.9186938,,,,100.0,
0.2,20.0,0.8,153.7296735,-224.2703265,378.0,3851.6,88.0,
0.3,20.0,0.8,68.32429931,-47.33570069,115.66,1231.45,0.0,
0.4,20.0,0.8,38.43241836,10.41241836,28.02,128.18,0.0,
0.5,20.0,0.8,24.59674775,15.73674775,8.86,36.69,0.0,
0.6,20.0,0.8,17.08107483,12.60107483,4.48,4.7,0.0,
0.7,20.0,0.8,12.5493611,9.809361098,2.74,1.62,0.0,
0.8,20.0,0.8,9.608104591,7.328104591,2.28,1.19,0.0,
0.9,20.0,0.8,7.591588812,6.011588812,1.58,0.45,0.0,
0.1,20.0,0.9,579.7509044,,,,100.0,
0.2,20.0,0.9,144.9377261,-262.3522739,407.29,4052.24,86.0,
0.3,20.0,0.9,64.41676715,-38.08323285,102.5,1386.87,0.0,
0.4,20.0,0.9,36.23443152,10.17443152,26.06,142.59,0.0,
0.5,20.0,0.9,23.19003617,14.21003617,8.98,34.75,0.0,
0.6,20.0,0.9,16.10419179,11.52419179,4.58,4.49,0.0,
0.7,20.0,0.9,11.83165111,9.051651109,2.78,1.15,0.0,
0.8,20.0,0.9,9.058607881,6.858607881,2.2,1.1,0.0,
0.9,20.0,0.9,7.157418572,5.517418572,1.64,0.56,0.0,
0.1,25.0,0.0,,,,,100.0,
0.2,25.0,0.0,,,,,100.0,
0.3,25.0,0.0,,,,,100.0,
0.4,25.0,0.0,,,68.02564102564102,782.604588394062,22.0,
0.5,25.0,0.0,,,22.56,294.29224489795916,0.0,
0.6,25.0,0.0,,,9.52,69.31591836734694,0.0,
0.7,25.0,0.0,,,3.7,6.336734693877551,0.0,
0.8,25.0,0.0,,,2.72,2.777142857142857,0.0,
0.9,25.0,0.0,,,1.78,1.6853061224489796,0.0,
0.1,25.0,0.05,,,,,100.0,
0.2,25.0,0.05,,,591.3673469387755,19931.82057823129,2.0,
0.3,25.0,0.05,,,173.9,1776.4183673469388,0.0,
0.4,25.0,0.05,,,55.22,460.99142857142857,0.0,
0.5,25.0,0.05,,,21.48,191.35673469387754,0.0,
0.6,25.0,0.05,,,7.24,46.5534693877551,0.0,
0.7,25.0,0.05,,,3.3,4.214285714285714,0.0,
0.8,25.0,0.05,,,2.98,7.326122448979592,0.0,
0.9,25.0,0.05,,,1.78,1.1546938775510205,0.0,
0.1,25.0,0.1,2095.00895,,,,100.0,
0.2,25.0,0.1,523.7522375,-54.90776253,578.66,19578.11,0.0,
0.3,25.0,0.1,232.7787722,66.15877221,166.62,2599.02,0.0,
0.4,25.0,0.1,130.9380594,77.47805937,53.46,297.6,0.0,
0.5,25.0,0.1,83.80035799,62.26035799,21.54,174.82,0.0,
0.6,25.0,0.1,58.19469305,51.85469305,6.34,18.8,0.0,
0.7,25.0,0.1,42.75528469,38.15528469,4.6,9.22,0.0,
0.8,25.0,0.1,32.73451484,30.29451484,2.44,3.03,0.0,
0.9,25.0,0.1,25.86430802,24.08430802,1.78,1.15,0.0,
0.1,25.0,0.2,1481.395035,,,,100.0,
0.2,25.0,0.2,370.3487588,-315.6212412,685.97,26745.47,26.0,
0.3,25.0,0.2,164.5994483,12.81944834,151.78,2055.89,0.0,
0.4,25.0,0.2,92.58718969,52.66718969,39.92,286.93,0.0,
0.5,25.0,0.2,59.2558014,44.6358014,14.62,88.16,0.0,
0.6,25.0,0.2,41.14986209,33.40986209,7.74,39.58,0.0,
0.7,25.0,0.2,30.23255174,26.85255174,3.38,4.36,0.0,
0.8,25.0,0.2,23.14679742,20.58679742,2.56,1.76,0.0,
0.9,25.0,0.2,18.28882759,16.60882759,1.68,0.75,0.0,
0.1,25.0,0.3,1209.553981,,,,100.0,
0.2,25.0,0.3,302.3884953,-347.5015047,649.89,21975.99,64.0,
0.3,25.0,0.3,134.3948868,-11.2251132,145.62,2491.1,0.0,
0.4,25.0,0.3,75.59712382,37.41712382,38.18,262.72,0.0,
0.5,25.0,0.3,48.38215925,34.66215925,13.72,77.14,0.0,
0.6,25.0,0.3,33.5987217,28.3787217,5.22,8.01,0.0,
0.7,25.0,0.3,24.68477513,21.38477513,3.3,4.54,0.0,
0.8,25.0,0.3,18.89928096,16.37928096,2.52,2.95,0.0,
0.9,25.0,0.3,14.9327652,12.8927652,2.04,1.79,0.0,
0.1,25.0,0.4,1047.504475,,,,100.0,
0.2,25.0,0.4,261.8761187,-347.8338813,609.71,20691.14,72.0,
0.3,25.0,0.4,116.3893861,-26.6306139,143.02,1617.86,0.0,
0.4,25.0,0.4,65.46902968,29.16902968,36.3,295.52,0.0,
0.5,25.0,0.4,41.900179,27.100179,14.8,95.27,0.0,
0.6,25.0,0.4,29.09734653,23.37734653,5.72,18.0,0.0,
0.7,25.0,0.4,21.37764235,18.17764235,3.2,5.71,0.0,
0.8,25.0,0.4,16.36725742,14.04725742,2.32,1.53,0.0,
0.9,25.0,0.4,12.93215401,11.03215401,1.9,2.42,0.0,
0.1,25.0,0.5,936.9164851,,,,100.0,
0.2,25.0,0.5,234.2291213,-261.9408787,496.17,1751.77,88.0,
0.3,25.0,0.5,104.1018317,-27.13816833,131.24,1685.41,0.0,
0.4,25.0,0.5,58.55728032,25.91728032,32.64,279.17,0.0,
0.5,25.0,0.5,37.4766594,26.9566594,10.52,41.48,0.0,
0.6,25.0,0.5,26.02545792,20.42545792,5.6,14.61,0.0,
0.7,25.0,0.5,19.12074459,15.78074459,3.34,5.09,0.0,
0.8,25.0,0.5,14.63932008,12.39932008,2.24,1.7,0.0,
0.9,25.0,0.5,11.56687019,9.526870186,2.04,2.37,0.0,
0.1,25.0,0.6,855.2838223,,,,100.0,
0.2,25.0,0.6,213.8209556,-335.1790444,549.0,5113.5,90.0,
0.3,25.0,0.6,95.03153581,-43.36846419,138.4,2490.12,0.0,
0.4,25.0,0.6,53.45523889,21.77523889,31.68,271.65,0.0,
0.5,25.0,0.6,34.21135289,22.81135289,11.4,38.16,0.0,
0.6,25.0,0.6,23.75788395,18.27788395,5.48,10.91,0.0,
0.7,25.0,0.6,17.45477188,14.11477188,3.34,4.19,0.0,
0.8,25.0,0.6,13.36380972,11.28380972,2.08,1.14,0.0,
0.9,25.0,0.6,10.55905953,8.939059534,1.62,0.73,0.0,
0.1,25.0,0.7,791.8389537,,,,100.0,
0.2,25.0,0.7,197.9597384,-376.0402616,574.0,128.0,96.0,
0.3,25.0,0.7,87.98210596,-54.63789404,142.62,3248.57,0.0,
0.4,25.0,0.7,49.48993461,25.88993461,23.6,90.94,0.0,
0.5,25.0,0.7,31.67355815,22.05355815,9.62,18.04,0.0,
0.6,25.0,0.7,21.99552649,16.63552649,5.36,18.32,0.0,
0.7,25.0,0.7,16.15997865,13.03997865,3.12,3.09,0.0,
0.8,25.0,0.7,12.37248365,10.35248365,2.02,1.2,0.0,
0.9,25.0,0.7,9.775789552,8.315789552,1.46,0.46,0.0,
0.1,25.0,0.8,740.6975175,,,,100.0,
0.2,25.0,0.8,185.1743794,-372.4956206,557.67,17406.33,94.0,
0.3,25.0,0.8,82.29972417,-47.50027583,129.8,5098.29,2.0,
0.4,25.0,0.8,46.29359485,21.17359485,25.12,168.43,0.0,
0.5,25.0,0.8,29.6279007,20.4079007,9.22,37.85,0.0,
0.6,25.0,0.8,20.57493104,16.41493104,4.16,3.61,0.0,
0.7,25.0,0.8,15.11627587,12.27627587,2.84,2.83,0.0,
0.8,25.0,0.8,11.57339871,9.493398712,2.08,0.89,0.0,
0.9,25.0,0.8,9.144413797,7.504413797,1.64,1.17,0.0,
0.1,25.0,0.9,698.3363166,,,,100.0,
0.2,25.0,0.9,174.5840792,-262.5559208,437.14,5941.81,86.0,
0.3,25.0,0.9,77.59292407,-64.60707593,142.2,11064.98,0.0,
0.4,25.0,0.9,43.64601979,17.78601979,25.86,187.63,0.0,
0.5,25.0,0.9,27.93345266,18.61345266,9.32,23.81,0.0,
0.6,25.0,0.9,19.39823102,15.55823102,3.84,2.46,0.0,
0.7,25.0,0.9,14.25176156,11.65176156,2.6,1.14,0.0,
0.8,25.0,0.9,10.91150495,8.931504947,1.98,1.08,0.0,
0.9,25.0,0.9,8.621436008,6.941436008,1.68,0.88,0.0,
0.1,30.0,0.0,,,,,100.0,
0.2,30.0,0.0,,,,,100.0,
0.3,30.0,0.0,,,,,100.0,
0.4,30.0,0.0,,,90.0952380952381,1510.527293844367,16.0,
0.5,30.0,0.0,,,26.78,299.23632653061225,0.0,
0.6,30.0,0.0,,,5.74,17.624897959183674,0.0,
0.7,30.0,0.0,,,3.88,9.08734693877551,0.0,
0.8,30.0,0.0,,,2.42,1.9628571428571429,0.0,
0.9,30.0,0.0,,,1.76,0.9616326530612245,0.0,
0.1,30.0,0.05,,,,,100.0,
0.2,30.0,0.05,,,644.4893617021277,24265.037927844587,6.0,
0.3,30.0,0.05,,,201.22,2075.358775510204,0.0,
0.4,30.0,0.05,,,65.22,437.93020408163267,0.0,
0.5,30.0,0.05,,,19.88,291.49551020408165,0.0,
0.6,30.0,0.05,,,6.22,33.277142857142856,0.0,
0.7,30.0,0.05,,,4.32,10.589387755102042,0.0,
0.8,30.0,0.05,,,2.68,3.1608163265306124,0.0,
0.9,30.0,0.05,,,2.04,2.284081632653061,0.0,
0.1,30.0,0.1,2529.822128,,,,100.0,
0.2,30.0,0.1,632.455532,-66.90446797,699.36,19843.3,0.0,
0.3,30.0,0.1,281.0913476,93.25134757,187.84,3321.73,0.0,
0.4,30.0,0.1,158.113883,99.47388301,58.64,683.5,0.0,
0.5,30.0,0.1,101.1928851,79.37288513,21.82,209.86,0.0,
0.6,30.0,0.1,70.27283689,63.11283689,7.16,29.81,0.0,
0.7,30.0,0.1,51.62902302,47.92902302,3.7,5.07,0.0,
0.8,30.0,0.1,39.52847075,36.28847075,3.24,5.78,0.0,
0.9,30.0,0.1,31.23237195,29.33237195,1.9,1.44,0.0,
0.1,30.0,0.2,1788.854382,,,,100.0,
0.2,30.0,0.2,447.2135955,-249.9864045,697.2,20814.44,40.0,
0.3,30.0,0.2,198.761598,27.501598,171.26,2765.79,0.0,
0.4,30.0,0.2,111.8033989,61.12339887,50.68,385.69,0.0,
0.5,30.0,0.2,71.55417528,57.63417528,13.92,87.5,0.0,
0.6,30.0,0.2,49.6903995,42.1903995,7.5,46.09,0.0,
0.7,30.0,0.2,36.50723229,32.42723229,4.08,6.65,0.0,
0.8,30.0,0.2,27.95084972,25.45084972,2.5,2.5,0.0,
0.9,30.0,0.2,22.084622,20.504622,1.58,0.7,0.0,
0.1,30.0,0.3,1460.593487,,,,100.0,
0.2,30.0,0.3,365.1483717,-392.5616283,757.71,14302.07,72.0,
0.3,30.0,0.3,162.2881652,-17.51183481,179.8,2973.51,0.0,
0.4,30.0,0.3,91.28709292,49.32709292,41.96,495.59,0.0,
0.5,30.0,0.3,58.42373947,45.46373947,12.96,64.61,0.0,
0.6,30.0,0.3,40.5720413,33.9320413,6.64,32.93,0.0,
0.7,30.0,0.3,29.80803034,26.24803034,3.56,3.19,0.0,
0.8,30.0,0.3,22.82177323,20.72177323,2.1,0.99,0.0,
0.9,30.0,0.3,18.03201835,15.91201835,2.12,2.27,0.0,
0.1,30.0,0.4,1264.911064,,,,100.0,
0.2,30.0,0.4,316.227766,-424.662234,740.89,24036.86,82.0,
0.3,30.0,0.4,140.5456738,-19.25432621,159.8,2522.41,0.0,
0.4,30.0,0.4,79.0569415,40.5369415,38.52,377.6,0.0,
0.5,30.0,0.4,50.59644256,36.23644256,14.36,150.24,0.0,
0.6,30.0,0.4,35.13641845,30.11641845,5.02,10.71,0.0,
0.7,30.0,0.4,25.81451151,22.99451151,2.82,2.35,0.0,
0.8,30.0,0.4,19.76423538,17.40423538,2.36,2.24,0.0,
0.9,30.0,0.4,15.61618598,13.99618598,1.62,0.81,0.0,
0.1,30.0,0.5,1131.37085,,,,100.0,
0.2,30.0,0.5,282.8427125,-404.5372875,687.38,11447.98,84.0,
0.3,30.0,0.5,125.7078722,-34.41212779,160.12,3207.61,2.0,
0.4,30.0,0.5,70.71067812,37.83067812,32.88,174.03,0.0,
0.5,30.0,0.5,45.254834,34.774834,10.48,36.99,0.0,
0.6,30.0,0.5,31.42696805,26.18696805,5.24,11.78,0.0,
0.7,30.0,0.5,23.08920102,19.96920102,3.12,3.09,0.0,
0.8,30.0,0.5,17.67766953,15.61766953,2.06,1.04,0.0,
0.9,30.0,0.5,13.96754136,12.40754136,1.56,0.5,0.0,
0.1,30.0,0.6,1032.795559,,,,100.0,
0.2,30.0,0.6,258.1988897,-305.6611103,563.86,10511.14,86.0,
0.3,30.0,0.6,114.7550621,-36.54493789,151.3,2087.03,0.0,
0.4,30.0,0.6,64.54972244,32.30972244,32.24,201.25,0.0,
0.5,30.0,0.6,41.31182236,31.71182236,9.6,32.16,0.0,
0.6,30.0,0.6,28.68876553,23.66876553,5.02,8.63,0.0,
0.7,30.0,0.6,21.07746039,17.75746039,3.32,4.67,0.0,
0.8,30.0,0.6,16.13743061,13.61743061,2.52,2.09,0.0,
0.9,30.0,0.6,12.75056246,11.17056246,1.58,0.98,0.0,
0.1,30.0,0.7,956.1828875,,,,100.0,
0.2,30.0,0.7,239.0457219,-306.3542781,545.4,14782.3,90.0,
0.3,30.0,0.7,106.2425431,-41.77745695,148.02,2503.04,0.0,
0.4,30.0,0.7,59.76143047,28.28143047,31.48,328.09,0.0,
0.5,30.0,0.7,38.2473155,30.2073155,8.04,15.79,0.0,
0.6,30.0,0.7,26.56063576,22.32063576,4.24,3.82,0.0,
0.7,30.0,0.7,19.51393648,16.79393648,2.72,2.25,0.0,
0.8,30.0,0.7,14.94035762,12.84035762,2.1,1.23,0.0,
0.9,30.0,0.7,11.80472701,10.18472701,1.62,0.65,0.0,
0.1,30.0,0.8,894.427191,,,,100.0,
0.2,30.0,0.8,223.6067977,-479.8932023,703.5,12.5,96.0,
0.3,30.0,0.8,99.380799,-45.399201,144.78,3121.22,2.0,
0.4,30.0,0.8,55.90169944,28.06169944,27.84,272.71,0.0,
0.5,30.0,0.8,35.77708764,26.53708764,9.24,45.61,0.0,
0.6,30.0,0.8,24.84519975,20.34519975,4.5,4.21,0.0,
0.7,30.0,0.8,18.25361614,15.33361614,2.92,2.77,0.0,
0.8,30.0,0.8,13.97542486,12.19542486,1.78,0.58,0.0,
0.9,30.0,0.8,11.042311,9.342311,1.7,0.7,0.0,
0.1,30.0,0.9,843.2740427,,,,100.0,
0.2,30.0,0.9,210.8185107,-377.8514893,588.67,16912.27,88.0,
0.3,30.0,0.9,93.69711586,-59.79288414,153.49,2089.76,2.0,
0.4,30.0,0.9,52.70462767,23.54462767,29.16,202.67,0.0,
0.5,30.0,0.9,33.73096171,25.93096171,7.8,28.04,0.0,
0.6,30.0,0.9,23.42427896,19.28427896,4.14,4.69,0.0,
0.7,30.0,0.9,17.20967434,14.48967434,2.72,3.02,0.0,
0.8,30.0,0.9,13.17615692,11.09615692,2.08,0.89,0.0,
0.9,30.0,0.9,10.41079065,8.850790651,1.56,0.46,0.0,
